name,sigma,noise_seed,noisy_psnr,noisy_ssim,denoising_psnr,denoising_ssim,psnr_gain,ssim_gain,lpips,dists
CT-0__patient102__19.png,25.0,123.0,21.21126136834555,0.2973077151350913,35.16290244563506,0.9477990593665597,13.951641077289512,0.6504913442314684,0.02938288077712059,0.10894227027893066
CT-0__patient102__25.png,25.0,124.0,21.280076769757127,0.2983612034204975,35.26358346783467,0.9460635352536285,13.983506698077544,0.647702331833131,0.030355725437402725,0.10956454277038574
CT-0__patient115__18.png,25.0,125.0,21.236743377995353,0.30879232408682233,34.456342195113706,0.9320001014796387,13.219598817118353,0.6232077773928164,0.041429322212934494,0.11762839555740356
CT-0__patient115__22.png,25.0,126.0,21.34096400076979,0.3179853620197718,34.25695935846642,0.931020040754156,12.915995357696627,0.6130346787343842,0.04341065138578415,0.11599689722061157
CT-0__patient121__24.png,25.0,127.0,21.24324338553204,0.3025720819817189,33.95258514472769,0.9237856816644112,12.709341759195652,0.6212135996826923,0.05148981511592865,0.12832117080688477
CT-0__patient121__26.png,25.0,128.0,21.290580985492234,0.3093010601962616,33.84110928914309,0.9178093206188578,12.550528303650857,0.6085082604225962,0.05993677303195,0.13284361362457275
CT-0__patient123__18.png,25.0,129.0,21.424560333272858,0.3166064631445907,33.71672902535917,0.9189551727821359,12.292168692086314,0.6023487096375453,0.049399953335523605,0.11674374341964722
CT-0__patient123__24.png,25.0,130.0,21.393034149412777,0.3187010791623903,33.65825074211047,0.9173506517166418,12.26521659269769,0.5986495725542514,0.050303373485803604,0.12205386161804199
CT-0__patient124__22.png,25.0,131.0,21.243692114769747,0.30838014817182935,33.94598875821502,0.9229361107971494,12.702296643445276,0.6145559626253201,0.04215622693300247,0.12311363220214844
CT-0__patient124__24.png,25.0,132.0,21.317820016092423,0.3195617502249491,34.06316187454281,0.9233199436819358,12.745341858450384,0.6037581934569867,0.0490872748196125,0.11796945333480835
CT-0__patient125__24.png,25.0,133.0,21.343871961244417,0.30039006384794575,33.944611593572816,0.9231937445357709,12.600739632328398,0.6228036806878251,0.06050913780927658,0.13672035932540894
CT-0__patient125__26.png,25.0,134.0,21.371788926865555,0.30288059583622234,34.03869012343068,0.923443804163013,12.666901196565128,0.6205632083267907,0.05689340829849243,0.14168989658355713
CT-0__patient131__20.png,25.0,135.0,21.54411230023537,0.30150889454412766,34.321590432759514,0.9237198101707996,12.777478132524145,0.622210915626672,0.0518198162317276,0.12584185600280762
CT-0__patient131__24.png,25.0,136.0,21.527128985139335,0.29042447489337336,34.429035553960574,0.9218640236850881,12.90190656882124,0.6314395487917148,0.05445154756307602,0.1305825114250183
CT-0__patient133__20.png,25.0,137.0,21.43006088801858,0.2868281730274169,34.54326925269229,0.9216026422534547,13.11320836467371,0.6347744692260378,0.04651949554681778,0.11560434103012085
CT-0__patient133__22.png,25.0,138.0,21.475044041854716,0.2872821286881973,34.32139797209769,0.9191490945404516,12.846353930242977,0.6318669658522542,0.0566474124789238,0.11306947469711304
CT-0__patient145__22.png,25.0,139.0,21.509089986427192,0.29686707635625004,34.43011179236696,0.9230821386293949,12.921021805939766,0.6262150622731448,0.046371906995773315,0.11676949262619019
CT-0__patient145__26.png,25.0,140.0,21.50221182997369,0.29833779773958946,34.689486520889744,0.9280860179282984,13.187274690916055,0.6297482201887089,0.03873852640390396,0.11346286535263062
CT-0__patient152__18.png,25.0,141.0,21.213044886077274,0.2902950031924088,34.48103150053187,0.9281349650519305,13.267986614454596,0.6378399618595216,0.0413740873336792,0.1013340950012207
CT-0__patient152__22.png,25.0,142.0,21.26563295395706,0.2982604899411375,34.154785145484965,0.9261636131735806,12.889152191527906,0.6279031232324431,0.04232730343937874,0.10881567001342773
CT-0__patient15__20.png,25.0,143.0,21.23845939286127,0.30247638832286855,34.632285042783415,0.9285953419577757,13.393825649922146,0.6261189536349072,0.03918210417032242,0.11012160778045654
CT-0__patient15__24.png,25.0,144.0,21.33983322481196,0.3037045929748514,34.62438605458942,0.9287824229332353,13.28455282977746,0.6250778299583839,0.04115115478634834,0.1160847544670105
CT-0__patient166__20.png,25.0,145.0,21.223962391125095,0.30221038841323844,34.74408341731787,0.9407163098952692,13.520121026192772,0.6385059214820308,0.030070342123508453,0.116688072681427
CT-0__patient166__22.png,25.0,146.0,21.202766779070945,0.30282127470732634,34.71982231472418,0.9378767495684552,13.517055535653238,0.6350554748611289,0.03684762492775917,0.11821854114532471
CT-0__patient178__26.png,25.0,147.0,21.284752511282562,0.2806680656955738,35.32750121698679,0.9389557269853116,14.042748705704227,0.6582876612897378,0.03581632673740387,0.1135631799697876
CT-0__patient178__28.png,25.0,148.0,21.329743047572578,0.2699301875109867,35.54874097086767,0.9388465271585947,14.218997923295092,0.6689163396476081,0.04378264397382736,0.12803864479064941
CT-0__patient180__20.png,25.0,149.0,21.268876395982737,0.2997176576855027,34.429007156836434,0.9299573006546298,13.160130760853697,0.630239642969127,0.048433996737003326,0.12675029039382935
CT-0__patient180__22.png,25.0,150.0,21.33425660670207,0.3024365440554455,34.70087680775849,0.9325021571780765,13.36662020105642,0.630065613122631,0.03955208137631416,0.1166917085647583
CT-0__patient183__22.png,25.0,151.0,21.47576920231822,0.31501971234424236,34.34283678932872,0.9279868777523358,12.867067587010503,0.6129671654080935,0.03802031651139259,0.10960984230041504
CT-0__patient183__26.png,25.0,152.0,21.48524754120284,0.31030056108204135,34.486863431121215,0.9269591525609783,13.001615889918376,0.6166585914789369,0.039012085646390915,0.12196934223175049
CT-0__patient199__18.png,25.0,153.0,21.459092708484803,0.26618092538581317,34.802052072254384,0.9332826654115413,13.34295936376958,0.6671017400257281,0.05798085778951645,0.13586032390594482
CT-0__patient199__22.png,25.0,154.0,21.48229321455087,0.26741992674939613,34.982257607577736,0.9334447984258829,13.499964393026865,0.6660248716764867,0.05489048734307289,0.12571054697036743
CT-0__patient205__22.png,25.0,155.0,21.241947771411922,0.3068658616061411,34.37662393932729,0.9336377360749905,13.134676167915366,0.6267718744688493,0.04175481200218201,0.11522328853607178
CT-0__patient205__26.png,25.0,156.0,21.318569632985906,0.2960550652556666,35.00818473747451,0.9354625716081899,13.689615104488603,0.6394075063525233,0.039675842970609665,0.11109936237335205
CT-0__patient206__25.png,25.0,157.0,21.378269237888702,0.2949753457521493,35.154145769480074,0.943787562124447,13.775876531591372,0.6488122163722978,0.03441163897514343,0.1162269115447998
CT-0__patient206__27.png,25.0,158.0,21.387136819283885,0.29839049976237625,34.949478059244505,0.9379846912044326,13.56234123996062,0.6395941914420564,0.038627468049526215,0.11822271347045898
CT-0__patient211__20.png,25.0,159.0,21.535443646663396,0.2696690526506999,34.84184056146069,0.9243685864428247,13.306396914797297,0.6546995337921249,0.05777323991060257,0.1313248872756958
CT-0__patient211__24.png,25.0,160.0,21.543210526430823,0.2689573827699592,34.710332054642315,0.9209047119946026,13.167121528211492,0.6519473292246434,0.06793703883886337,0.13630282878875732
CT-0__patient215__23.png,25.0,161.0,20.983429031017447,0.26521427212275767,35.50538722881992,0.9533697942822794,14.521958197802473,0.6881555221595217,0.029856501147150993,0.1093032956123352
CT-0__patient215__29.png,25.0,162.0,21.10485818644098,0.27274945400600886,35.26839861161405,0.9512689408132465,14.163540425173075,0.6785194868072377,0.03636214882135391,0.12801384925842285
CT-0__patient222__18.png,25.0,163.0,21.20109892355554,0.29935594233511703,35.07606989835771,0.9458454650367114,13.874970974802167,0.6464895227015943,0.02686430886387825,0.10776352882385254
CT-0__patient222__22.png,25.0,164.0,21.26181375993344,0.30434593882880595,34.80765982505318,0.9437504470711221,13.54584606511974,0.6394045082423161,0.02813480794429779,0.11192727088928223
CT-0__patient223__20.png,25.0,165.0,21.167550324195492,0.2882255318910174,35.244971216314546,0.9443755045655555,14.077420892119054,0.6561499726745381,0.029481321573257446,0.11949038505554199
CT-0__patient223__26.png,25.0,166.0,21.203066066993323,0.28612963547707077,35.33763359707403,0.9407618790897988,14.134567530080709,0.6546322436127281,0.038602955639362335,0.12992870807647705
CT-0__patient228__20.png,25.0,167.0,21.45817055821384,0.2835465702295336,34.88264728624434,0.9351645241042611,13.424476728030502,0.6516179538747275,0.06271840631961823,0.1118430495262146
CT-0__patient228__24.png,25.0,168.0,21.493503084855355,0.27929484160402324,35.05954880789809,0.9356094956289407,13.566045723042734,0.6563146540249174,0.05787383019924164,0.1286097764968872
CT-0__patient236__22.png,25.0,169.0,21.453976254271513,0.2860653926604724,35.527103341978744,0.949258158963416,14.073127087707231,0.6631927663029437,0.03968232870101929,0.12351775169372559
CT-0__patient236__28.png,25.0,170.0,21.349285026955553,0.2888283073878501,34.937795732541076,0.9467439776891702,13.588510705585524,0.65791567030132,0.03079204261302948,0.11583507061004639
CT-0__patient240__18.png,25.0,171.0,21.180064341335484,0.2917672596129372,34.942227379607544,0.936891933252405,13.76216303827206,0.6451246736394678,0.03555763512849808,0.1260671615600586
CT-0__patient240__20.png,25.0,172.0,21.238603063976683,0.2894665357826454,35.28934679691855,0.9438256753764194,14.050743732941868,0.654359139593774,0.032011307775974274,0.11631405353546143
CT-0__patient242__16.png,25.0,173.0,21.838315566071174,0.296224007489286,33.82194590234025,0.9070082382623967,11.983630336269073,0.6107842307731107,0.07213280349969864,0.13785415887832642
CT-0__patient242__18.png,25.0,174.0,21.815941315852974,0.2990621718607627,33.86106831466255,0.9068669601347765,12.045126998809579,0.6078047882740139,0.07918976247310638,0.13776135444641113
CT-0__patient243__18.png,25.0,175.0,21.38515905285246,0.3129892334387355,33.97270776414037,0.9217242530507644,12.587548711287905,0.6087350196120289,0.04568440467119217,0.12279820442199707
CT-0__patient243__24.png,25.0,176.0,21.49745921233159,0.30781673710878216,34.090754911201444,0.9195081279636211,12.593295698869852,0.6116913908548389,0.049623824656009674,0.13262295722961426
CT-0__patient244__18.png,25.0,177.0,21.298240349287788,0.2993187872410053,35.180746151710636,0.9451568374081575,13.882505802422848,0.6458380501671521,0.02541828155517578,0.09757328033447266
CT-0__patient244__24.png,25.0,178.0,21.302705117128852,0.2895809538841717,35.36088406594834,0.9403818927140056,14.058178948819489,0.6508009388298339,0.03636367991566658,0.12208974361419678
CT-0__patient246__21.png,25.0,179.0,21.342574765763175,0.27638421568277083,35.00103153263226,0.9306508613323037,13.658456766869087,0.6542666456495329,0.048168379813432693,0.1317731738090515
CT-0__patient246__25.png,25.0,180.0,21.38117599275205,0.2733746690395762,35.432935784520694,0.9377125999229838,14.051759791768646,0.6643379308834076,0.05219024419784546,0.12092834711074829
CT-0__patient252__17.png,25.0,181.0,21.4425756591902,0.2733193392651547,35.01999998755978,0.9308245777808409,13.577424328369577,0.6575052385156862,0.05418790876865387,0.12203621864318848
CT-0__patient252__19.png,25.0,182.0,21.51136441433712,0.2800686311905305,34.650332218548506,0.9240969306909104,13.138967804211386,0.6440282995003799,0.06428635865449905,0.1336519718170166
CT-0__patient28__16.png,25.0,183.0,21.62737411910824,0.3009838316556428,34.04838944232791,0.9142151050300125,12.42101532321967,0.6132312733743697,0.05426635220646858,0.1412678360939026
CT-0__patient28__20.png,25.0,184.0,21.55434802978887,0.2894987426430779,34.099806490557796,0.9185022524882099,12.545458460768927,0.6290035098451321,0.05180378258228302,0.12028747797012329
CT-0__patient31__15.png,25.0,185.0,21.538389118577335,0.2828053435146049,34.218494737482466,0.925591523554138,12.68010561890513,0.6427861800395331,0.04568316787481308,0.11846327781677246
CT-0__patient31__19.png,25.0,186.0,21.511454039022276,0.26626779470518547,34.81066958220875,0.928232306585825,13.299215543186477,0.6619645118806395,0.04251791909337044,0.10809522867202759
CT-0__patient32__22.png,25.0,187.0,21.543322036286526,0.2990106574677591,34.71943559450005,0.9306058130019133,13.176113558213522,0.6315951555341541,0.04300227016210556,0.11561757326126099
CT-0__patient32__26.png,25.0,188.0,21.55398883653031,0.2963656113185169,34.67708307690743,0.9317118018146486,13.123094240377121,0.6353461904961317,0.048134442418813705,0.11873501539230347
CT-0__patient33__24.png,25.0,189.0,21.43387277847401,0.29738003616403685,34.397668544695314,0.9244871847681564,12.963795766221303,0.6271071486041195,0.044263310730457306,0.10843318700790405
CT-0__patient33__26.png,25.0,190.0,21.369394309134538,0.29218548792965715,34.40831920375083,0.9244312867492356,13.03892489461629,0.6322457988195784,0.04241431504487991,0.11788839101791382
CT-0__patient35__19.png,25.0,191.0,21.130922920313214,0.3038667765121372,34.45595116820963,0.9351966107693382,13.325028247896416,0.631329834257201,0.03820241615176201,0.12377768754959106
CT-0__patient35__21.png,25.0,192.0,21.127099854369153,0.31028795516323776,34.42434507403238,0.934569939885114,13.297245219663228,0.6242819847218763,0.04102451354265213,0.12677162885665894
CT-0__patient41__17.png,25.0,193.0,21.16335645177825,0.2952530521348592,34.843640703618355,0.9434771661461383,13.680284251840106,0.6482241140112791,0.032234929502010345,0.11859071254730225
CT-0__patient41__21.png,25.0,194.0,21.173456356055883,0.2949734944593733,34.9573062773573,0.942802676600102,13.783849921301414,0.6478291821407287,0.03124401532113552,0.12670797109603882
CT-0__patient51__18.png,25.0,195.0,21.479064536574146,0.29401009442755444,34.67819567390812,0.9304078926359616,13.199131137333975,0.6363977982084071,0.039222583174705505,0.12167602777481079
CT-0__patient51__24.png,25.0,196.0,21.5558335349642,0.2952793660836379,34.31052904960022,0.9193606990060371,12.754695514636019,0.6240813329223992,0.0566357746720314,0.12567073106765747
CT-0__patient52__17.png,25.0,197.0,21.358231889049204,0.31956110565681717,34.37972455885393,0.9320692368232917,13.021492669804726,0.6125081311664745,0.032968420535326004,0.11533951759338379
CT-0__patient52__21.png,25.0,198.0,21.35839888658692,0.3092844484175375,34.31388700729197,0.9254428780302537,12.955488120705049,0.6161584296127163,0.04080171883106232,0.11199980974197388
CT-0__patient54__18.png,25.0,199.0,21.412866422682413,0.30138539271462744,34.53378459776935,0.925067760549297,13.120918175086935,0.6236823678346695,0.03961009159684181,0.1016530990600586
CT-0__patient54__22.png,25.0,200.0,21.444446618830856,0.29581773047482784,34.65595519131141,0.9251501756693945,13.211508572480557,0.6293324451945667,0.04030321165919304,0.11742377281188965
CT-0__patient58__17.png,25.0,201.0,21.26052599718315,0.29220235298689484,35.13696139339858,0.9483115933862514,13.876435396215427,0.6561092403993565,0.03132975101470947,0.09804373979568481
CT-0__patient58__25.png,25.0,202.0,21.449644198869127,0.31460482550382807,34.711100719984444,0.9453754074436725,13.261456521115317,0.6307705819398445,0.03446704149246216,0.11056512594223022
CT-0__patient76__18.png,25.0,203.0,21.386250662620995,0.29160351959284747,35.09611724511336,0.9433547189252458,13.709866582492367,0.6517511993323983,0.042260006070137024,0.11297106742858887
CT-0__patient76__20.png,25.0,204.0,21.404769682646496,0.2962055134721066,35.07736765152419,0.9451212138952038,13.672597968877696,0.6489157004230972,0.04131428152322769,0.09768331050872803
CT-0__patient77__14.png,25.0,205.0,21.673375418309536,0.3219896872667083,33.87739931838854,0.926462810637781,12.204023900079005,0.6044731233710727,0.043694671243429184,0.1249510645866394
CT-0__patient77__16.png,25.0,206.0,21.726203640181986,0.3316136808418138,33.75027442329946,0.9286571076868742,12.024070783117473,0.5970434268450604,0.05079974979162216,0.11119502782821655
CT-0__patient81__15.png,25.0,207.0,21.467165862552203,0.3030859361435946,34.5039592801784,0.9191352221207401,13.036793417626196,0.6160492859771455,0.07250206172466278,0.14459443092346191
CT-0__patient81__21.png,25.0,208.0,21.489699210266924,0.29862432008851253,34.05590447219825,0.9079682140980533,12.566205261931326,0.6093438940095408,0.08410508930683136,0.1416236162185669
CT-0__patient82__22.png,25.0,209.0,21.471377846873967,0.30457727781842986,34.346117186238615,0.9159629379933139,12.874739339364648,0.6113856601748839,0.059119176119565964,0.15059822797775269
CT-0__patient82__24.png,25.0,210.0,21.49446797706004,0.29642197945413823,34.65793038839287,0.9252390107657011,13.16346241133283,0.6288170313115629,0.05449178069829941,0.1391063928604126
CT-0__patient84__18.png,25.0,211.0,21.45666101355619,0.3335675407339153,33.67455378821396,0.919497639124772,12.217892774657773,0.5859300983908566,0.05275667458772659,0.12538152933120728
CT-0__patient84__24.png,25.0,212.0,21.410798135978148,0.3093880552455141,33.99652267257978,0.92102746013332,12.585724536601631,0.611639404887806,0.058189310133457184,0.12044423818588257
CT-0__patient91__20.png,25.0,213.0,21.29546381146973,0.302158782549451,34.69334138157044,0.9306168000346353,13.397877570100711,0.6284580174851844,0.04648102819919586,0.13063448667526245
CT-0__patient91__24.png,25.0,214.0,21.32777836052401,0.29523849054172474,34.79928590208387,0.9312544941991143,13.471507541559856,0.6360160036573896,0.049938466399908066,0.12732839584350586
CT-1__patient268__19.png,25.0,215.0,21.456003480304364,0.31118714079037507,34.748673944717694,0.933640341289708,13.29267046441333,0.6224532004993328,0.03565515577793121,0.11116838455200195
CT-1__patient268__23.png,25.0,216.0,21.487972588668992,0.30830075112367705,34.19088570579358,0.9201560779930549,12.702913117124591,0.6118553268693778,0.053529880940914154,0.13511675596237183
CT-1__patient272__18.png,25.0,217.0,21.189706249389303,0.27203573762755034,34.48787531813518,0.9261906299577263,13.298169068745878,0.6541548923301759,0.06003144383430481,0.12961339950561523
CT-1__patient272__22.png,25.0,218.0,21.19567750610388,0.27119859180211214,34.55253939172457,0.9306794321072617,13.356861885620692,0.6594808403051495,0.06158847734332085,0.14448535442352295
CT-1__patient274__16.png,25.0,219.0,21.45812862980568,0.30818312049063784,34.379473354339176,0.9314575024417326,12.921344724533494,0.6232743819510949,0.04037594050168991,0.11919713020324707
CT-1__patient274__24.png,25.0,220.0,21.45036738851026,0.29151607207890656,34.1936200364112,0.9156717827918966,12.743252647900938,0.62415571071299,0.056304387748241425,0.11667054891586304
CT-1__patient281__22.png,25.0,221.0,22.027903140960476,0.3039647399943906,33.74580381665985,0.8776745662284718,11.717900675699376,0.5737098262340812,0.16696695983409882,0.191109299659729
CT-1__patient281__28.png,25.0,222.0,21.80660523271538,0.31408036146852386,33.71255258501765,0.8958803839681614,11.905947352302267,0.5818000224996376,0.11863424628973007,0.1641438603401184
CT-1__patient290__19.png,25.0,223.0,21.49178513419429,0.2970265231424227,34.79610511260473,0.9362121202608903,13.304319978410437,0.6391855971184676,0.035079121589660645,0.10748225450515747
CT-1__patient290__23.png,25.0,224.0,21.520131039965975,0.3073153889009163,34.62951531895645,0.9336237277976782,13.109384278990476,0.6263083388967619,0.036720190197229385,0.11993277072906494
CT-1__patient291__20.png,25.0,225.0,21.395676134633405,0.3101379902858304,34.41789274380585,0.9281287264790927,13.022216609172446,0.6179907361932624,0.048928048461675644,0.11495774984359741
CT-1__patient291__22.png,25.0,226.0,21.4099617299237,0.3029242236505496,34.542802812667084,0.9297340984805925,13.132841082743383,0.6268098748300429,0.04530895873904228,0.1090707778930664
CT-1__patient296__14.png,25.0,227.0,21.650487314474475,0.3268996556541585,33.97112168848651,0.9366055497348937,12.320634374012037,0.6097058940807352,0.04412432014942169,0.11512446403503418
CT-1__patient296__20.png,25.0,228.0,21.590043590509943,0.30485065867677236,34.30386012055058,0.9353362121606117,12.713816530040638,0.6304855534838394,0.047925595194101334,0.10956311225891113
CT-1__patient297__18.png,25.0,229.0,21.499312785306543,0.3247423788234198,34.1234055872575,0.9322422422389962,12.624092801950958,0.6074998634155764,0.045490562915802,0.11470270156860352
CT-1__patient297__22.png,25.0,230.0,21.50377006249635,0.3294970445302238,33.92587746224528,0.9295428076548883,12.422107399748931,0.6000457631246645,0.04382406547665596,0.13302844762802124
CT-1__patient299__20.png,25.0,231.0,21.49347092547358,0.3034750532099099,34.229155456206755,0.9163309179386969,12.735684530733174,0.612855864728787,0.07889503240585327,0.1375773549079895
CT-1__patient299__22.png,25.0,232.0,21.48231603980291,0.3032974688611082,34.048036210676294,0.9114195368157245,12.565720170873384,0.6081220679546163,0.07891331613063812,0.13804757595062256
CT-1__patient307__19.png,25.0,233.0,21.165083745610644,0.2939979027908566,34.28118636154512,0.9310255152121486,13.116102615934473,0.637027612421292,0.0436895415186882,0.11557275056838989
CT-1__patient307__21.png,25.0,234.0,21.137613059049198,0.29248686893716624,34.52074105430731,0.9309602759768639,13.38312799525811,0.6384734070396977,0.044949643313884735,0.13161706924438477
CT-1__patient313__24.png,25.0,235.0,21.55038413239515,0.31565305569709373,34.10575009505141,0.9171208906700632,12.555365962656264,0.6014678349729694,0.05406691133975983,0.14358514547348022
CT-1__patient313__26.png,25.0,236.0,21.566960738486113,0.31657495514476963,33.9574481779345,0.9134431265096163,12.390487439448389,0.5968681713648467,0.06285541504621506,0.1351017951965332
CT-1__patient315__15.png,25.0,237.0,21.59033775403308,0.3031814649227897,33.48217798424631,0.8951157135655662,11.891840230213234,0.5919342486427766,0.09627217799425125,0.15635478496551514
CT-1__patient315__17.png,25.0,238.0,21.509106543676335,0.3027654059021132,33.5313959996848,0.9034442989234617,12.022289456008462,0.6006788930213485,0.0774812325835228,0.14838248491287231
CT-1__patient316__20.png,25.0,239.0,21.526407225758298,0.29174481002121017,34.28660397099743,0.917129171571222,12.760196745239135,0.6253843615500119,0.05272622033953667,0.14415621757507324
CT-1__patient316__22.png,25.0,240.0,21.524237077633117,0.29020296795213724,34.22429515410101,0.9147546411246202,12.70005807646789,0.624551673172483,0.060878533869981766,0.14167243242263794
CT-1__patient320__16.png,25.0,241.0,21.59533808243246,0.27926311738669685,34.546632478885996,0.9216676463445359,12.951294396453537,0.6424045289578391,0.07232002168893814,0.1356525421142578
CT-1__patient320__18.png,25.0,242.0,21.579524802232854,0.2771245985997492,34.48745871933099,0.911067911010452,12.907933917098134,0.6339433124107028,0.0901300311088562,0.1470104455947876
CT-1__patient331__20.png,25.0,243.0,21.41646620650542,0.30818434145706447,34.380741346722616,0.9267897843476511,12.964275140217197,0.6186054428905867,0.04717710241675377,0.12961673736572266
CT-1__patient331__24.png,25.0,244.0,21.392579898522605,0.3006682280465525,34.6306956409945,0.9322821307911497,13.238115742471898,0.6316139027445973,0.04121370613574982,0.11208522319793701
CT-1__patient332__13.png,25.0,245.0,21.55142346163212,0.3007762101805657,34.301859550233694,0.9272935225027719,12.750436088601575,0.6265173123222061,0.04487237706780434,0.11398106813430786
CT-1__patient332__19.png,25.0,246.0,21.53875862423024,0.29932900653464195,34.17661364348512,0.9176984177241891,12.637855019254879,0.6183694111895472,0.04793315380811691,0.12524497509002686
CT-1__patient339__19.png,25.0,247.0,21.172441156165487,0.298105397103393,35.21344355323032,0.9436241008436715,14.041002397064833,0.6455187037402785,0.03200353682041168,0.10010433197021484
CT-1__patient339__27.png,25.0,248.0,21.180433727303956,0.3064098718523784,35.38115264837109,0.9441491238845451,14.200718921067136,0.6377392520321667,0.028644166886806488,0.08463829755783081
CT-1__patient342__20.png,25.0,249.0,21.35897649995954,0.2748737822363806,35.120649115646906,0.9340245296225671,13.761672615687367,0.6591507473861865,0.03805491328239441,0.13397037982940674
CT-1__patient342__26.png,25.0,250.0,21.478494671327503,0.29968868967662116,34.44981966031292,0.9230761855368712,12.971324988985415,0.6233874958602501,0.051427341997623444,0.11696988344192505
CT-1__patient345__18.png,25.0,251.0,21.32777704327191,0.301284371438517,34.45119098385383,0.9323557921661146,13.123413940581916,0.6310714207275976,0.04444305971264839,0.1180262565612793
CT-1__patient345__22.png,25.0,252.0,21.390270231136586,0.2932820046718104,34.35312453992727,0.9255331355470746,12.962854308790686,0.6322511308752642,0.046491239219903946,0.13046836853027344
CT-1__patient346__17.png,25.0,253.0,21.52374608042681,0.3072150594486584,34.46272090267198,0.9354716024186279,12.938974822245171,0.6282565429699696,0.036346085369586945,0.10492467880249023
CT-1__patient346__21.png,25.0,254.0,21.591662902988737,0.2946431331956408,34.55280080916304,0.9342460354013798,12.9611379061743,0.639602902205739,0.04028137028217316,0.1186455488204956
CT-1__patient347__19.png,25.0,255.0,21.46867339406367,0.28445770424339323,34.72089476458331,0.9322142847707232,13.252221370519642,0.64775658052733,0.03669842705130577,0.10455381870269775
CT-1__patient347__23.png,25.0,256.0,21.570590686985174,0.28947483023480675,34.44478867527281,0.9222670684607606,12.874197988287637,0.6327922382259539,0.05212095007300377,0.11454415321350098
CT-1__patient351__18.png,25.0,257.0,21.0836658291011,0.2981207462865127,34.577863710074865,0.9363054189573504,13.494197880973765,0.6381846726708378,0.034337397664785385,0.11128228902816772
CT-1__patient351__26.png,25.0,258.0,21.233147114897637,0.29688790191309683,34.71375541567887,0.9366912564044446,13.480608300781231,0.6398033544913477,0.04037272930145264,0.11781704425811768
CT-1__patient355__16.png,25.0,259.0,21.235488316103094,0.27896003647117323,34.77849597490524,0.9354656584536266,13.543007658802146,0.6565056219824534,0.06295088678598404,0.13627594709396362
CT-1__patient355__18.png,25.0,260.0,21.2300272606059,0.27237829024723775,34.75126478970664,0.930748207297772,13.521237529100738,0.6583699170505342,0.06852930039167404,0.1348555088043213
CT-1__patient356__17.png,25.0,261.0,21.51374009364119,0.31385010051182405,33.867680030226396,0.916016464625412,12.353939936585206,0.6021663641135879,0.04618460312485695,0.11179894208908081
CT-1__patient356__21.png,25.0,262.0,21.48849600869124,0.3047270658808897,34.123877848704296,0.9165038155029469,12.635381840013057,0.6117767496220572,0.044179849326610565,0.12071698904037476
CT-1__patient357__21.png,25.0,263.0,21.764306211082545,0.2759574854079818,33.99514021230165,0.9136810588290258,12.230834001219105,0.637723573421044,0.0705026388168335,0.13797658681869507
CT-1__patient357__23.png,25.0,264.0,21.734110104051027,0.27011450243994906,34.120982398388364,0.9072359938022158,12.386872294337337,0.6371214913622667,0.07537633925676346,0.1528591513633728
CT-1__patient358__18.png,25.0,265.0,21.48358306734172,0.30720709123830786,34.890535366235426,0.9378749707231152,13.406952298893707,0.6306678794848073,0.03886859118938446,0.1062811017036438
CT-1__patient358__20.png,25.0,266.0,21.50388711823187,0.3004139777319026,35.041033524479445,0.9362789779077126,13.537146406247576,0.63586500017581,0.03615065664052963,0.11237084865570068
CT-1__patient364__18.png,25.0,267.0,21.339319639896004,0.28927347517086177,35.382144646142045,0.9486939918506647,14.04282500624604,0.659420516679803,0.03505745157599449,0.1277281641960144
CT-1__patient364__22.png,25.0,268.0,21.31835968924156,0.2857955599303268,35.42410658722724,0.9471076112045091,14.105746897985682,0.6613120512741824,0.03536084666848183,0.13498735427856445
CT-1__patient366__20.png,25.0,269.0,21.322963911611726,0.30126679420651975,34.76631901597767,0.9341982100105468,13.443355104365946,0.6329314158040271,0.035892147570848465,0.10591065883636475
CT-1__patient366__24.png,25.0,270.0,21.348081278849605,0.30162576783141754,34.7393998120743,0.9272528304261148,13.391318533224698,0.6256270625946974,0.0465567484498024,0.129349946975708
CT-1__patient371__17.png,25.0,271.0,21.416730768239795,0.2866741153811608,34.3506725146574,0.9227972692297903,12.933941746417602,0.6361231538486296,0.06761227548122406,0.14548605680465698
CT-1__patient371__23.png,25.0,272.0,21.541957198804567,0.28713711855133367,33.91894670226878,0.9022589788657439,12.376989503464209,0.6151218603144102,0.09320474416017532,0.1518012285232544
CT-1__patient381__20.png,25.0,273.0,21.471797068705026,0.3112208921045629,34.04070151215591,0.9212663111375192,12.568904443450887,0.6100454190329563,0.0518050380051136,0.13135117292404175
CT-1__patient381__22.png,25.0,274.0,21.39004736443216,0.30176390094531347,34.35545598168703,0.9257262326254883,12.96540861725487,0.6239623316801748,0.050230324268341064,0.1263967752456665
CT-1__patient386__19.png,25.0,275.0,21.48178654001043,0.3019276105701002,34.6446002871953,0.9326064586123459,13.162813747184874,0.6306788480422457,0.042108722031116486,0.11118870973587036
CT-1__patient386__23.png,25.0,276.0,21.488621538640828,0.3022798967913844,34.47160618727806,0.9283300470672436,12.982984648637235,0.6260501502758593,0.04302184656262398,0.11364507675170898
CT-1__patient395__21.png,25.0,277.0,21.492377192117086,0.2935523602624194,34.057632958878784,0.9195216352218532,12.565255766761698,0.6259692749594338,0.05090496689081192,0.12568998336791992
CT-1__patient395__25.png,25.0,278.0,21.40453594059908,0.285261307390945,34.32013989773827,0.9220486066644272,12.915603957139194,0.6367872992734822,0.04604732245206833,0.12336057424545288
CT-1__patient398__16.png,25.0,279.0,21.533372945197726,0.3023738145090765,34.40511487112379,0.9283686302795094,12.871741925926067,0.6259948157704329,0.046005237847566605,0.12104237079620361
CT-1__patient398__24.png,25.0,280.0,21.416792392075934,0.29620552040367293,34.47393115113584,0.930502035728451,13.057138759059903,0.6342965153247782,0.03804386407136917,0.11247622966766357
CT-1__patient403__17.png,25.0,281.0,21.606753050521327,0.2987067920709739,34.044393303228986,0.9202411895706081,12.43764025270766,0.6215343974996341,0.05644939839839935,0.1322232484817505
CT-1__patient403__23.png,25.0,282.0,21.494562196699608,0.2917876046487489,34.71658579349614,0.930766915090658,13.222023596796529,0.638979310441909,0.04288175702095032,0.11162656545639038
CT-1__patient412__20.png,25.0,283.0,21.59207010030908,0.3046226447665031,34.15674856462254,0.9222414713344026,12.56467846431346,0.6176188265678995,0.06360799819231033,0.12815189361572266
CT-1__patient412__24.png,25.0,284.0,21.644414973997044,0.3074252840760489,33.98287427611023,0.9141301395220016,12.338459302113186,0.6067048554459527,0.06177736073732376,0.12296587228775024
CT-1__patient413__15.png,25.0,285.0,21.304002902233215,0.2999914997342782,34.5565746617472,0.921715393477968,13.252571759513984,0.6217238937436899,0.06864026188850403,0.13467645645141602
CT-1__patient413__17.png,25.0,286.0,21.361339935539817,0.30373797489737386,34.51630735092828,0.9191342274379929,13.154967415388462,0.615396252540619,0.06501401960849762,0.14473259449005127
CT-1__patient414__16.png,25.0,287.0,21.46802960970557,0.29992227703164437,34.73148162492238,0.9379336482263143,13.26345201521681,0.63801137119467,0.04349863529205322,0.12019598484039307
CT-1__patient414__20.png,25.0,288.0,21.46806573831844,0.2993310918868661,34.20591321886682,0.9241146255301443,12.737847480548378,0.6247835336432783,0.05945800244808197,0.12523245811462402
CT-1__patient418__13.png,25.0,289.0,21.771804463278347,0.30178554890440423,33.72258584599884,0.9231692391069158,11.950781382720496,0.6213836902025116,0.050249192863702774,0.12945103645324707
CT-1__patient418__17.png,25.0,290.0,21.896301502025377,0.2931144758931901,33.84966780989703,0.9151925061038543,11.95336630787165,0.6220780302106641,0.06238556653261185,0.14119410514831543
CT-1__patient419__19.png,25.0,291.0,21.36642949144917,0.3031503646220812,34.51087742811019,0.935148630660285,13.14444793666102,0.6319982660382037,0.037203673273324966,0.12110364437103271
CT-1__patient419__25.png,25.0,292.0,21.375339345729593,0.2898478668220798,34.74561680513009,0.9322509930723101,13.370277459400498,0.6424031262502303,0.04223901778459549,0.1327756643295288
CT-1__patient423__19.png,25.0,293.0,21.24702077586544,0.30076107615457764,34.172134346100805,0.9304923349488177,12.925113570235364,0.6297312587942401,0.04703754186630249,0.12457478046417236
CT-1__patient423__23.png,25.0,294.0,21.25690329896301,0.30697097970354303,34.17863774873001,0.9303014782806607,12.921734449767001,0.6233304985771176,0.043205346912145615,0.11544787883758545
CT-1__patient428__20.png,25.0,295.0,21.25998344805284,0.28545212868018444,34.97342700464995,0.9432576286268284,13.71344355659711,0.657805499946644,0.04539491981267929,0.122283935546875
CT-1__patient428__26.png,25.0,296.0,21.3715290845646,0.29019524688123277,35.07798543498236,0.937708899115995,13.70645635041776,0.6475136522347622,0.05575215816497803,0.12951791286468506
CT-1__patient434__12.png,25.0,297.0,21.516729884865615,0.31835030675054177,34.54096362466483,0.9333391339250762,13.024233739799218,0.6149888271745344,0.03105047531425953,0.1027214527130127
CT-1__patient434__20.png,25.0,298.0,21.530007945811956,0.32018337782962003,34.83559599163394,0.9416094540789778,13.305588045821981,0.6214260762493578,0.026687685400247574,0.0878225564956665
CT-1__patient445__16.png,25.0,299.0,21.78952495805152,0.31089018116758543,34.21050141376056,0.9341127487439395,12.420976455709042,0.6232225675763541,0.04181652516126633,0.1078447699546814
CT-1__patient445__24.png,25.0,300.0,21.608844289286502,0.30476718889944737,34.08049162239348,0.9278140854081655,12.47164733310698,0.6230468965087181,0.041688527911901474,0.10379111766815186
CT-1__patient447__15.png,25.0,301.0,21.381396700592468,0.3208421597060972,34.60733835587878,0.9400731954947177,13.225941655286313,0.6192310357886205,0.03235641121864319,0.12164950370788574
CT-1__patient447__17.png,25.0,302.0,21.415445307659763,0.3174453216005459,34.7152813236808,0.940282837635764,13.299836016021036,0.6228375160352182,0.03885060176253319,0.10569906234741211
CT-1__patient453__22.png,25.0,303.0,21.503213633649967,0.29737670842256747,34.6680172591685,0.9349083716258,13.164803625518534,0.6375316632032325,0.048885997384786606,0.11672937870025635
CT-1__patient453__24.png,25.0,304.0,21.514600243317275,0.292988523348908,34.8759561494325,0.938013707417543,13.361355906115222,0.645025184068635,0.037595201283693314,0.10799539089202881
CT-1__patient455__20.png,25.0,305.0,21.438301271295515,0.31659381511706536,34.16693918953318,0.9285575838595701,12.728637918237666,0.6119637687425048,0.04337697476148605,0.12837070226669312
CT-1__patient455__22.png,25.0,306.0,21.391751300889528,0.30607719699872027,34.29289444291955,0.9276060004831692,12.901143142030019,0.6215288034844489,0.04233540594577789,0.11976414918899536
CT-1__patient460__16.png,25.0,307.0,21.455383652460917,0.2916178989457825,34.69004358123597,0.9300359712200057,13.234659928775052,0.6384180722742232,0.03902256116271019,0.12252682447433472
CT-1__patient460__24.png,25.0,308.0,21.491354935803347,0.2860851132746249,34.85484464686137,0.9288349059889516,13.363489711058026,0.6427497927143266,0.04966289550065994,0.12699764966964722
CT-1__patient461__20.png,25.0,309.0,21.557095040161517,0.3023159449085407,34.519347596472734,0.9209226337105719,12.962252556311217,0.6186066888020312,0.05615774542093277,0.13716083765029907
CT-1__patient461__24.png,25.0,310.0,21.580338978390433,0.3012503367950576,34.6121076513784,0.92573810949662,13.031768672987969,0.6244877727015625,0.05264155939221382,0.13609111309051514
CT-1__patient462__14.png,25.0,311.0,21.502791063589672,0.3018033417676511,34.94142174782196,0.940831195382202,13.43863068423229,0.6390278536145508,0.03821225091814995,0.12261039018630981
CT-1__patient462__22.png,25.0,312.0,21.482246351120352,0.30131772133192697,34.73681442918898,0.9434292941771484,13.25456807806863,0.6421115728452214,0.0382632315158844,0.10959172248840332
CT-1__patient465__23.png,25.0,313.0,21.13972712491664,0.30415130526964973,34.835861884405986,0.9349119234609398,13.696134759489347,0.63076061819129,0.03600126504898071,0.11556988954544067
CT-1__patient465__25.png,25.0,314.0,21.207351224153904,0.30386952764138775,34.945700538888794,0.937172503310946,13.73834931473489,0.6333029756695583,0.03475803881883621,0.11379724740982056
CT-1__patient466__16.png,25.0,315.0,21.6246885615716,0.30608086010998614,34.16931354827732,0.923255921595572,12.544624986705724,0.6171750614855859,0.06553898006677628,0.1320543885231018
CT-1__patient466__20.png,25.0,316.0,21.560016406127364,0.30038261133053507,34.00797666988667,0.9195931250647483,12.44796026375931,0.6192105137342132,0.05976928025484085,0.12599557638168335
CT-1__patient474__16.png,25.0,317.0,21.403147527844553,0.31962211704440574,34.6018339269535,0.9396785584745556,13.19868639910895,0.6200564414301499,0.028830379247665405,0.1019698977470398
CT-1__patient474__18.png,25.0,318.0,21.40064424890817,0.31489060544835606,34.57605290648738,0.9378248222708568,13.175408657579208,0.6229342168225007,0.03923464193940163,0.11181950569152832
CT-1__patient476__15.png,25.0,319.0,21.41364009160684,0.2979769634295288,34.43466184578389,0.9306071935697919,13.021021754177053,0.6326302301402631,0.04737843573093414,0.1245659589767456
CT-1__patient476__19.png,25.0,320.0,21.441904627969578,0.3008372925907292,33.994461317604085,0.9193686711620751,12.552556689634507,0.6185313785713459,0.07218323647975922,0.14028048515319824
CT-1__patient478__15.png,25.0,321.0,21.49111853861423,0.3202840496062462,33.60528336184959,0.9283626679221773,12.114164823235356,0.608078618315931,0.04636412113904953,0.12737154960632324
CT-1__patient478__17.png,25.0,322.0,21.452190951108285,0.3139291110131874,33.8477547257501,0.9277005775718233,12.395563774641815,0.613771466558636,0.05308545008301735,0.12447643280029297
CT-1__patient480__20.png,25.0,323.0,21.314026964545608,0.30298107958699466,34.70229951308137,0.937360835921359,13.388272548535763,0.6343797563343643,0.042291343212127686,0.12296134233474731
CT-1__patient480__22.png,25.0,324.0,21.314023317080533,0.2936287046874399,34.99975638750462,0.9358665254218493,13.685733070424085,0.6422378207344095,0.04697633534669876,0.12171691656112671
CT-1__patient492__17.png,25.0,325.0,21.34041431895451,0.31275208312320785,34.227481483087196,0.9268242158784576,12.887067164132684,0.6140721327552499,0.03966866433620453,0.13326114416122437
CT-1__patient492__21.png,25.0,326.0,21.31452640438986,0.2987870122332974,34.58431667787554,0.9260160909660524,13.269790273485683,0.627229078732755,0.03844408690929413,0.12286913394927979
CT-1__patient495__15.png,25.0,327.0,21.360060736664238,0.31401891266285886,34.396475705548674,0.9385199289016073,13.036414968884436,0.6245010162387484,0.04050891101360321,0.12508273124694824
CT-1__patient495__19.png,25.0,328.0,21.421184650930684,0.3023004505046102,34.54667854753002,0.9372548059338505,13.125493896599338,0.6349543554292403,0.04464520514011383,0.14047670364379883
CT-1__patient501__16.png,25.0,329.0,21.458595671785186,0.3067744412255165,34.21421529163184,0.9280076468821824,12.755619619846652,0.6212332056566658,0.04489573836326599,0.10842466354370117
CT-1__patient501__18.png,25.0,330.0,21.51993567672463,0.3045363174279546,34.11140454982968,0.9235028301404495,12.59146887310505,0.6189665127124949,0.0461137481033802,0.1245148777961731
CT-1__patient502__20.png,25.0,331.0,21.558552544872917,0.2945485983662367,34.212123356447464,0.9252052465690909,12.653570811574546,0.6306566482028542,0.055974505841732025,0.1266348958015442
CT-1__patient502__22.png,25.0,332.0,21.531572120349317,0.29361585910890614,34.14035133171857,0.9211732789900886,12.608779211369253,0.6275574198811824,0.05829819664359093,0.11655652523040771
CT-1__patient511__18.png,25.0,333.0,21.48343667211404,0.26797747268014516,35.07757761862773,0.9395193397328431,13.59414094651369,0.6715418670526979,0.04951605200767517,0.11859828233718872
CT-1__patient511__24.png,25.0,334.0,21.572644063045075,0.26269141380254746,34.767391701051594,0.9183042079421769,13.194747638006518,0.6556127941396295,0.07882539182901382,0.14301586151123047
CT-1__patient514__18.png,25.0,335.0,21.33070957723083,0.32193093845724247,34.405902724448865,0.9355378979241585,13.075193147218034,0.613606959466916,0.0324966199696064,0.11482268571853638
CT-1__patient514__22.png,25.0,336.0,21.419979947321902,0.30669785847737724,34.60533466455542,0.9338126320400104,13.185354717233519,0.6271147735626332,0.03970683366060257,0.10670864582061768
CT-1__patient517__15.png,25.0,337.0,21.716756054371984,0.2898042610840939,34.38320006028739,0.927335459378456,12.666444005915409,0.6375311982943621,0.04061058536171913,0.11360454559326172
CT-1__patient517__21.png,25.0,338.0,21.67569061881666,0.28230175958641573,34.45877637720929,0.9177306849886202,12.78308575839263,0.6354289254022045,0.05396326631307602,0.1289205551147461
CT-1__patient518__13.png,25.0,339.0,21.886948231258522,0.3032245991310131,34.157953159456,0.9279132276557356,12.271004928197478,0.6246886285247225,0.048490457236766815,0.11149054765701294
CT-1__patient518__19.png,25.0,340.0,21.68954043163032,0.3036447029727274,33.941304171621276,0.9224019490272752,12.251763739990956,0.6187572460545478,0.04169275239109993,0.11417639255523682
CT-1__patient524__21.png,25.0,341.0,21.555998356797407,0.2961987297529914,34.910183228559156,0.9339054259051751,13.354184871761749,0.6377066961521838,0.039091143757104874,0.12920892238616943
CT-1__patient524__25.png,25.0,342.0,21.502387732685367,0.2876142545505974,35.111321271620206,0.9327237286865613,13.608933538934838,0.6451094741359639,0.0388617068529129,0.12233924865722656
CT-1__patient526__22.png,25.0,343.0,21.385920384450042,0.3218433999207034,34.19760573074917,0.9264011757702463,12.811685346299125,0.6045577758495428,0.044416435062885284,0.1203697919845581
CT-1__patient526__24.png,25.0,344.0,21.37944790992439,0.30909473913834473,34.692841072588514,0.9305963179394215,13.313393162664124,0.6215015788010768,0.04135182499885559,0.1242455244064331
CT-1__patient528__15.png,25.0,345.0,21.54154982988212,0.3256701340553542,33.78740739824221,0.9262057709328846,12.24585756836009,0.6005356368775303,0.04986653849482536,0.11483460664749146
CT-1__patient528__17.png,25.0,346.0,21.55300377099845,0.32483430798554563,33.76502847940601,0.922209834953415,12.212024708407561,0.5973755269678693,0.04868442565202713,0.11192560195922852
CT-1__patient529__17.png,25.0,347.0,21.694243890429362,0.2967539652183723,33.605322925733255,0.8933876272234125,11.911079035303892,0.5966336620050402,0.10960827022790909,0.15138709545135498
CT-1__patient529__21.png,25.0,348.0,21.72798166097718,0.290430070289289,33.73154883350295,0.8902877416215998,12.00356717252577,0.5998576713323108,0.11592018604278564,0.15679782629013062
CT-1__patient531__24.png,25.0,349.0,21.535137442060943,0.2886928603519074,34.26561588780266,0.9160540050545591,12.730478445741717,0.6273611447026517,0.06618904322385788,0.137994647026062
CT-1__patient531__26.png,25.0,350.0,21.5848533747044,0.2949788099731856,34.03325774610562,0.9185606692676949,12.448404371401217,0.6235818592945093,0.06179622933268547,0.13842171430587769
CT-1__patient538__19.png,25.0,351.0,21.360989276043053,0.3147973753097915,34.43239071042968,0.9324987708719793,13.071401434386626,0.6177013955621877,0.04185166209936142,0.11449843645095825
CT-1__patient538__23.png,25.0,352.0,21.35747989012215,0.30450731801510184,34.470576957946754,0.9310856044950319,13.113097067824604,0.6265782864799301,0.041196517646312714,0.11453866958618164
CT-1__patient542__18.png,25.0,353.0,21.71368497602075,0.30994397522885936,33.696773187652525,0.9193128122154474,11.983088211631774,0.609368836986588,0.054032765328884125,0.12828022241592407
CT-1__patient542__24.png,25.0,354.0,21.654455631754253,0.3094408508442976,34.00794140131473,0.9160690831586541,12.353485769560479,0.6066282323143565,0.052423879504203796,0.12645798921585083
CT-1__patient552__17.png,25.0,355.0,21.46911223802733,0.3032113950455698,34.153018967137456,0.9236828593572832,12.683906729110127,0.6204714643117134,0.04380841180682182,0.12379813194274902
CT-1__patient552__19.png,25.0,356.0,21.510690150944008,0.30284879778122287,34.279067700721264,0.9237532035900916,12.768377549777256,0.6209044058088687,0.04707951843738556,0.11635094881057739
CT-1__patient553__18.png,25.0,357.0,21.43415227683722,0.31628808050690455,34.43276017527452,0.9286478973791263,12.998607898437296,0.6123598168722217,0.03591874614357948,0.12632662057876587
CT-1__patient553__24.png,25.0,358.0,21.412198548113448,0.3053320403968451,34.56091102384893,0.9233360352129087,13.148712475735483,0.6180039948160636,0.04940176010131836,0.12508022785186768
CT-1__patient557__25.png,25.0,359.0,21.616285746299635,0.31378037225754385,33.69083756285862,0.9252631789379091,12.074551816558984,0.6114828066803653,0.0646858960390091,0.14317172765731812
CT-1__patient557__27.png,25.0,360.0,21.663805832912036,0.30524187193854724,33.917942121501795,0.9261647811585932,12.25413628858976,0.620922909220046,0.06314989179372787,0.13331907987594604
CT-1__patient560__16.png,25.0,361.0,21.465206914017777,0.31276403408920256,33.976229065486294,0.9299300725669447,12.511022151468516,0.6171660384777422,0.044713180512189865,0.12324416637420654
CT-1__patient560__22.png,25.0,362.0,21.470503904775523,0.3038792754335963,34.107072464023325,0.9262282390805101,12.636568559247802,0.6223489636469138,0.05138383060693741,0.13193267583847046
CT-1__patient578__17.png,25.0,363.0,21.616386634866487,0.3068731846218615,33.35523408604419,0.9148785428554875,11.738847451177705,0.608005358233626,0.06519587337970734,0.14700132608413696
CT-1__patient578__19.png,25.0,364.0,21.63390328908598,0.299990562010647,33.705159211694905,0.9145983391575169,12.071255922608927,0.6146077771468699,0.059877775609493256,0.1334245204925537
CT-1__patient585__16.png,25.0,365.0,21.441494742093603,0.30691457140547085,34.661915017913586,0.9283007644232386,13.220420275819983,0.6213861930177678,0.04051217809319496,0.1284307837486267
CT-1__patient585__20.png,25.0,366.0,21.46215266024377,0.3065402646081474,34.60805318277576,0.9264408654255254,13.145900522531992,0.619900600817378,0.04352477565407753,0.13574081659317017
CT-1__patient586__17.png,25.0,367.0,21.58188856832412,0.3011876499288644,34.02977171759655,0.9222136662393683,12.447883149272432,0.6210260163105039,0.04962582513689995,0.11203259229660034
CT-1__patient586__21.png,25.0,368.0,21.571424088735963,0.2944010532184138,34.23748352993965,0.9179027205979822,12.66605944120369,0.6235016673795684,0.054085083305835724,0.11802124977111816
CT-1__patient589__23.png,25.0,369.0,21.677393188341583,0.2957053212160602,34.074419925565216,0.9130513158802185,12.397026737223634,0.6173459946641583,0.06211083382368088,0.1281663179397583
CT-1__patient589__25.png,25.0,370.0,21.735098621114197,0.2863361228206992,34.077434726665004,0.9078012641470348,12.342336105550807,0.6214651413263356,0.06535624712705612,0.1373969316482544
CT-1__patient596__16.png,25.0,371.0,21.560405128176058,0.3268229077310965,34.35311866515853,0.9440345570298981,12.792713536982475,0.6172116492988016,0.03225276246666908,0.11943626403808594
CT-1__patient596__20.png,25.0,372.0,21.501206982359363,0.3152205744388688,34.30326043345644,0.9400933448788105,12.802053451097073,0.6248727704399417,0.0392400287091732,0.1262187361717224
CT-1__patient603__22.png,25.0,373.0,21.550873682410902,0.30232228533560446,34.069418705914686,0.9133027203614115,12.518545023503783,0.610980435025807,0.06538555771112442,0.14048326015472412
CT-1__patient603__26.png,25.0,374.0,21.549211747717692,0.29173098678394627,34.49362391537618,0.9187054148141034,12.944412167658491,0.6269744280301571,0.05470985546708107,0.13202190399169922
CT-1__patient615__19.png,25.0,375.0,21.452387733831987,0.2881734229126387,35.04512915889384,0.9385521891791855,13.592741425061856,0.6503787662665468,0.03616264462471008,0.11367475986480713
CT-1__patient615__21.png,25.0,376.0,21.363721334253484,0.28832166631821876,34.64452175554393,0.9336426908815504,13.280800421290444,0.6453210245633316,0.03434315323829651,0.11821854114532471
CT-1__patient625__13.png,25.0,377.0,21.53279736718075,0.3072860346901697,34.32191559401202,0.9301871313631026,12.78911822683127,0.6229010966729329,0.04490349069237709,0.10843944549560547
CT-1__patient625__15.png,25.0,378.0,21.5280084970339,0.3052840029070337,34.210291074683845,0.9240968818399956,12.682282577649946,0.6188128789329619,0.05070904642343521,0.1175796389579773
CT-1__patient636__19.png,25.0,379.0,21.4328548275707,0.30527758410374667,34.81935491445042,0.930008331071849,13.386500086879721,0.6247307469681023,0.04765431210398674,0.11914414167404175
CT-1__patient636__27.png,25.0,380.0,21.401110880266362,0.29938715509437114,34.79900921919543,0.931418654730287,13.397898338929071,0.6320314996359158,0.04135704040527344,0.128467857837677
CT-1__patient639__17.png,25.0,381.0,21.223107765464345,0.2800557818664336,35.137642256455806,0.9395935238472086,13.91453449099146,0.6595377419807751,0.041142042726278305,0.12445724010467529
CT-1__patient639__19.png,25.0,382.0,21.221071687788115,0.2816312090639582,35.19814246931192,0.9421274844476796,13.977070781523803,0.6604962753837214,0.03560304269194603,0.11755698919296265
CT-1__patient640__16.png,25.0,383.0,21.5900278101018,0.3033647596819557,34.44503918609229,0.9291503412326108,12.855011375990486,0.625785581550655,0.04459310695528984,0.12799692153930664
CT-1__patient640__24.png,25.0,384.0,21.614138861455455,0.28456088751814695,35.068099309046254,0.9344151526065178,13.453960447590799,0.6498542650883707,0.05301037058234215,0.1209791898727417
CT-1__patient650__20.png,25.0,385.0,21.37163686363783,0.28402804305220286,34.78332898261633,0.9363070974594049,13.411692118978504,0.652279054407202,0.051960427314043045,0.13332444429397583
CT-1__patient650__24.png,25.0,386.0,21.364263937581015,0.27953491903024674,34.69810116898114,0.9303865512352811,13.333837231400125,0.6508516322050344,0.058569952845573425,0.1318526268005371
CT-1__patient655__15.png,25.0,387.0,21.748974357915106,0.3053631097325824,34.10910189698673,0.9272012190789837,12.360127539071623,0.6218381093464013,0.03917321935296059,0.09108787775039673
CT-1__patient655__19.png,25.0,388.0,21.721160677093906,0.3083811443788834,34.048441471122686,0.9240656009440569,12.32728079402878,0.6156844565651735,0.042878564447164536,0.09929776191711426
CT-1__patient657__18.png,25.0,389.0,21.220194785830788,0.28698089755750605,34.39595950361433,0.9387871091168917,13.17576471778354,0.6518062115593857,0.04504084214568138,0.1477726697921753
CT-1__patient657__20.png,25.0,390.0,21.205649019977567,0.2894494892479633,33.971464683749694,0.9252462557256859,12.765815663772127,0.6357967664777225,0.054755985736846924,0.15402191877365112
CT-1__patient660__21.png,25.0,391.0,21.28374146005251,0.2954527038826413,34.57533868949533,0.928394922794051,13.291597229442822,0.6329422189114098,0.045775026082992554,0.12117934226989746
CT-1__patient660__27.png,25.0,392.0,21.34785189128214,0.2923391718519278,34.775205736235534,0.9293528018958929,13.427353844953394,0.637013630043965,0.04660581797361374,0.12453329563140869
CT-1__patient663__14.png,25.0,393.0,21.66982903781768,0.3071830676942753,34.009720108205784,0.9246361108637868,12.339891070388102,0.6174530431695116,0.04213571175932884,0.1310638189315796
CT-1__patient663__18.png,25.0,394.0,21.67688813674981,0.30809952879040836,34.23755932600052,0.9314950578566786,12.560671189250712,0.6233955290662703,0.045562129467725754,0.11309820413589478
CT-1__patient669__24.png,25.0,395.0,21.219953493933843,0.29558453667981127,34.36794688907102,0.926367442344428,13.147993395137178,0.6307829056646168,0.046939071267843246,0.14671552181243896
CT-1__patient669__26.png,25.0,396.0,21.23090443273558,0.3004044263512904,34.57108982651658,0.9346889187739381,13.340185393780995,0.6342844924226477,0.0436190590262413,0.13258588314056396
CT-1__patient673__22.png,25.0,397.0,21.604094794089015,0.2961980854651632,34.04468604612457,0.9180884101612837,12.440591252035553,0.6218903246961205,0.05821575969457626,0.1246565580368042
CT-1__patient673__24.png,25.0,398.0,21.564629811480877,0.2835949360232276,34.31947091971723,0.9207084017322252,12.754841108236356,0.6371134657089976,0.06523625552654266,0.1279405951499939
CT-1__patient680__18.png,25.0,399.0,21.266966179240892,0.3013185776999002,35.00687334482228,0.9498042491042304,13.73990716558139,0.6484856714043302,0.026638448238372803,0.09184843301773071
CT-1__patient680__20.png,25.0,400.0,21.283751022458507,0.30147163323305115,35.17213257985395,0.9482352609854031,13.888381557395444,0.646763627752352,0.02835332415997982,0.09035581350326538
CT-1__patient681__18.png,25.0,401.0,21.523224059611444,0.27192369223419444,34.37008724964415,0.9285943029807578,12.846863190032707,0.6566706107465634,0.06130027025938034,0.1166759729385376
CT-1__patient681__20.png,25.0,402.0,21.527047004518924,0.2741614065630709,34.32710688849491,0.9264032713297553,12.800059883975987,0.6522418647666843,0.0695834681391716,0.13048386573791504
CT-1__patient683__16.png,25.0,403.0,21.75967535333754,0.32870988273350665,33.860364165717904,0.9237422131743994,12.100688812380366,0.5950323304408928,0.04706103354692459,0.11398977041244507
CT-1__patient683__22.png,25.0,404.0,21.575126873634147,0.3069533381519795,34.28158507994473,0.9210778599684432,12.706458206310586,0.6141245218164637,0.04161958023905754,0.12931370735168457
CT-1__patient685__22.png,25.0,405.0,21.29217425712777,0.2899919258883573,35.05601278935343,0.9356789778661208,13.763838532225662,0.6456870519777634,0.051678258925676346,0.1152229905128479
CT-1__patient685__24.png,25.0,406.0,21.26071709437172,0.28951577803814355,35.2314498180731,0.9379802492204906,13.970732723701381,0.6484644711823471,0.04854113608598709,0.12775897979736328
CT-1__patient691__13.png,25.0,407.0,21.58592172255934,0.2915072052233905,34.90271776707074,0.9453159790235862,13.316796044511399,0.6538087738001956,0.04112483561038971,0.11820942163467407
CT-1__patient691__19.png,25.0,408.0,21.56396554123862,0.28952334509013755,35.05782967035259,0.9475614378711621,13.49386412911397,0.6580380927810245,0.039678264409303665,0.11987733840942383
CT-1__patient694__18.png,25.0,409.0,21.617061084301348,0.3003299773378898,34.34396075711322,0.931673685991913,12.726899672811875,0.6313437086540232,0.04648962616920471,0.11560165882110596
CT-1__patient694__20.png,25.0,410.0,21.579054343455596,0.300878282154594,34.14935422979361,0.921544518536245,12.570299886338013,0.620666236381651,0.05527503043413162,0.12543338537216187
CT-1__patient704__18.png,25.0,411.0,21.69858053680904,0.28492150445271985,34.504017063304964,0.9283287039242946,12.805436526495924,0.6434071994715747,0.04623730480670929,0.11737048625946045
CT-1__patient704__22.png,25.0,412.0,21.834211987786528,0.2740696549046979,34.81794075131338,0.9261924900738755,12.983728763526852,0.6521228351691776,0.04820694029331207,0.1266905665397644
CT-1__patient709__21.png,25.0,413.0,21.424230495985057,0.30483979795451394,33.993034902620536,0.9158304343217886,12.56880440663548,0.6109906363672746,0.06838885694742203,0.1358642578125
CT-1__patient709__25.png,25.0,414.0,21.461966378741884,0.30529065950725154,33.79822920581978,0.9103596920767056,12.336262827077896,0.6050690325694541,0.07944066822528839,0.1501792073249817
CT-1__patient710__20.png,25.0,415.0,21.404716422915257,0.3214172183295868,34.17574645851205,0.9337319520921968,12.771030035596795,0.61231473376261,0.03883325308561325,0.11295545101165771
CT-1__patient710__24.png,25.0,416.0,21.401731049162432,0.30891374272346944,34.63112620964877,0.9384798323209964,13.229395160486337,0.629566089597527,0.03353532776236534,0.11166572570800781
CT-1__patient712__17.png,25.0,417.0,21.552169734939028,0.30303663152859517,34.13281451761355,0.9223826604838474,12.580644782674518,0.6193460289552523,0.04822371155023575,0.12321698665618896
CT-1__patient712__23.png,25.0,418.0,21.57595533507548,0.2929718418994189,34.60616436396925,0.9281380053760729,13.030209028893768,0.6351661634766541,0.043934181332588196,0.12955480813980103
CT-1__patient714__22.png,25.0,419.0,21.240141947771495,0.27608647783101703,35.14589146210503,0.9405951540557389,13.905749514333532,0.6645086762247219,0.05305566266179085,0.13585823774337769
CT-1__patient714__26.png,25.0,420.0,21.249066471209908,0.27932861378333285,34.9506727964823,0.9353354828869543,13.701606325272394,0.6560068691036215,0.05560702830553055,0.12913399934768677
CT-1__patient715__20.png,25.0,421.0,21.551543581014574,0.2952011203252727,34.26771503401339,0.9259299106109703,12.716171452998818,0.6307287902856976,0.06055915728211403,0.12162983417510986
CT-1__patient715__24.png,25.0,422.0,21.564034467302513,0.29158993078266354,34.0911475851488,0.9219452713365126,12.527113117846291,0.6303553405538491,0.06206924840807915,0.12975507974624634
CT-1__patient723__15.png,25.0,423.0,21.4871608922566,0.2959445067501821,34.59768492992688,0.9318534579565456,13.110524037670277,0.6359089512063636,0.0495171844959259,0.10841339826583862
CT-1__patient723__23.png,25.0,424.0,21.45281175446746,0.2878924139922972,34.98557435541299,0.935034437761882,13.532762600945532,0.6471420237695849,0.05175767466425896,0.1171838641166687
CT-1__patient728__24.png,25.0,425.0,21.62960977054951,0.3278667033125462,32.80001640781678,0.8843835737207063,11.170406637267266,0.5565168704081601,0.09317232668399811,0.15346574783325195
CT-1__patient728__26.png,25.0,426.0,21.637487872062664,0.32209041278708095,33.38754276731143,0.9011749650352106,11.750054895248766,0.5790845522481296,0.08067585527896881,0.14770841598510742
CT-1__patient729__12.png,25.0,427.0,21.39014691806565,0.28612797699436604,34.98628116874044,0.9363208051284628,13.59613425067479,0.6501928281340967,0.05812608078122139,0.14913558959960938
CT-1__patient729__20.png,25.0,428.0,21.47004571324553,0.2848874488016003,34.923285025744455,0.9296071309587309,13.453239312498926,0.6447196821571306,0.06599730253219604,0.13358914852142334
CT-1__patient730__20.png,25.0,429.0,21.467255864409417,0.3119349878448467,34.50566876927199,0.9408578273252755,13.038412904862575,0.6289228394804287,0.03773270547389984,0.10827338695526123
CT-1__patient730__22.png,25.0,430.0,21.528745392027517,0.30681383879280866,34.569755768724015,0.93896755975305,13.041010376696498,0.6321537209602414,0.04158296436071396,0.13162094354629517
CT-1__patient732__17.png,25.0,431.0,21.627429396547527,0.29716173072838686,33.97935567029391,0.9215950224977534,12.351926273746386,0.6244332917693665,0.049602799117565155,0.12704020738601685
CT-1__patient732__19.png,25.0,432.0,21.558150252787808,0.29580057517980335,34.175375666407376,0.921807957001293,12.617225413619568,0.6260073818214897,0.05111093074083328,0.1150364875793457
CT-1__patient739__20.png,25.0,433.0,21.312869704643276,0.2726330284370094,35.297584672385725,0.944384352329045,13.984714967742448,0.6717513238920356,0.03760693967342377,0.11913061141967773
CT-1__patient739__26.png,25.0,434.0,21.401116536711594,0.27939623508935146,34.83231798524341,0.9354646672398299,13.431201448531812,0.6560684321504784,0.051540687680244446,0.1170036792755127
CT-1__patient745__19.png,25.0,435.0,21.506170869654206,0.3216581252820519,34.13302392972941,0.9316197737927912,12.626853060075206,0.6099616485107393,0.04172496870160103,0.1103287935256958
CT-1__patient745__23.png,25.0,436.0,21.517086544680062,0.32010022037380986,34.01242687674273,0.9281307904436406,12.495340332062668,0.6080305700698307,0.04268721491098404,0.11676561832427979
CT-1__patient751__18.png,25.0,437.0,21.361037725101685,0.30419498217011653,34.97910454615323,0.9369816631994227,13.618066821051546,0.6327866810293061,0.03695627674460411,0.1223497986793518
CT-1__patient751__24.png,25.0,438.0,21.41171990567026,0.30158264746426694,35.054011991122984,0.9398074295816845,13.642292085452723,0.6382247821174176,0.03377881273627281,0.09967029094696045
CT-1__patient752__20.png,25.0,439.0,21.657826501360844,0.29692506774549005,33.8895038566063,0.9132445754689611,12.231677355245452,0.6163195077234711,0.05915730074048042,0.12795066833496094
CT-1__patient752__24.png,25.0,440.0,21.64070622539682,0.28611252703956414,33.961144990928666,0.9116346726033456,12.320438765531847,0.6255221455637815,0.06460241228342056,0.12858593463897705
CT-1__patient755__21.png,25.0,441.0,21.609483991704042,0.29883578505540437,34.5711670414802,0.9283971672614589,12.961683049776159,0.6295613822060546,0.050497572869062424,0.12721097469329834
CT-1__patient755__25.png,25.0,442.0,21.615225072247895,0.2953761184144736,34.47178881796137,0.9222651859311864,12.856563745713473,0.6268890675167129,0.06525406986474991,0.13569658994674683
CT-1__patient763__16.png,25.0,443.0,21.23160161682726,0.31064296769579797,34.150035350951825,0.9430155611528572,12.918433734124566,0.6323725934570592,0.04011843353509903,0.12994086742401123
CT-1__patient763__20.png,25.0,444.0,21.3064262443552,0.3016577121525449,34.590379030437546,0.9424654586418618,13.283952786082345,0.6408077464893169,0.04373757913708687,0.11932450532913208
CT-1__patient764__20.png,25.0,445.0,21.463685106149303,0.3051810424117168,34.13283127021123,0.9146135718138041,12.669146164061925,0.6094325294020873,0.06344909965991974,0.1403544545173645
CT-1__patient764__22.png,25.0,446.0,21.521028569312215,0.29499034750266667,34.556597748800364,0.919058394539273,13.03556917948815,0.6240680470366062,0.061991576105356216,0.13994336128234863
CT-1__patient767__16.png,25.0,447.0,21.097704374097837,0.3056302638281913,34.661180234571155,0.947771318882111,13.563475860473318,0.6421410550539197,0.03268362581729889,0.1198531985282898
CT-1__patient767__20.png,25.0,448.0,21.15438282495616,0.3079396023031735,34.658166716152394,0.9446976450195852,13.503783891196235,0.6367580427164117,0.03151053935289383,0.11385893821716309
CT-1__patient799__18.png,25.0,449.0,21.17500680160115,0.29357819931666485,35.01350095682851,0.9403648537734658,13.838494155227359,0.646786654456801,0.030444692820310593,0.12480020523071289
CT-1__patient799__24.png,25.0,450.0,21.28236404157926,0.2955040515250474,34.76722528826321,0.9293642496293276,13.484861246683952,0.6338601981042802,0.045623671263456345,0.10894274711608887
CT-1__patient800__17.png,25.0,451.0,21.56851128549738,0.3048424205802498,33.71362230427332,0.9097124188046841,12.145111018775943,0.6048699982244343,0.0719047337770462,0.13966357707977295
CT-1__patient800__21.png,25.0,452.0,21.509406492607713,0.29739954182874917,34.03193856351462,0.9129084399523307,12.522532070906909,0.6155088981235816,0.06624346226453781,0.1388755440711975
CT-1__patient801__19.png,25.0,453.0,21.511406478162606,0.29200374326734463,34.28238551650577,0.9193285213572451,12.770979038343164,0.6273247780899005,0.051416486501693726,0.11433261632919312
CT-1__patient801__23.png,25.0,454.0,21.499405206848458,0.28412677141719966,34.66042035338748,0.9236487348104673,13.161015146539022,0.6395219633932676,0.049848563969135284,0.11586618423461914
CT-1__patient802__22.png,25.0,455.0,21.496991776836254,0.2921081598473571,35.211946992221336,0.9394019313872976,13.714955215385082,0.6472937715399405,0.04801691323518753,0.12594813108444214
CT-1__patient802__30.png,25.0,456.0,21.370236092073146,0.2928945638427229,34.70038676664449,0.9321371538253695,13.330150674571346,0.6392425899826466,0.05080809444189072,0.12357956171035767
CT-1__patient807__16.png,25.0,457.0,21.52206755420536,0.29606265133676946,34.54242386703059,0.9303200339528659,13.020356312825232,0.6342573826160964,0.04485763609409332,0.11757802963256836
CT-1__patient807__24.png,25.0,458.0,21.580183778342903,0.29730958060275053,34.37252223394338,0.9209631145432311,12.792338455600476,0.6236535339404805,0.05667925626039505,0.1276785135269165
CT-1__patient813__17.png,25.0,459.0,21.183109707295664,0.3164417890911125,33.129636072958554,0.9147792549091529,11.94652636566289,0.5983374658180405,0.07653757184743881,0.1514453887939453
CT-1__patient813__21.png,25.0,460.0,21.133896847117608,0.2919246269239973,33.62133877553601,0.9195594219036537,12.487441928418402,0.6276347949796564,0.07496647536754608,0.1419244408607483
CT-1__patient814__21.png,25.0,461.0,21.43181695228252,0.30838735765186953,34.64595596732357,0.9348475441961417,13.214139015041052,0.6264601865442722,0.0413195826113224,0.13176429271697998
CT-1__patient814__27.png,25.0,462.0,21.393883796683667,0.29743427571760545,34.84358644185279,0.9429547805325804,13.449702645169126,0.645520504814975,0.03346652165055275,0.12890994548797607
CT-1__patient822__21.png,25.0,463.0,21.318176480541492,0.33439230092791344,33.568333945116024,0.926518381390962,12.250157464574531,0.5921260804630486,0.051093388348817825,0.12675493955612183
CT-1__patient822__23.png,25.0,464.0,21.28239699253925,0.32571546553442293,34.019462315721746,0.92991206656584,12.737065323182495,0.604196601031417,0.04793205112218857,0.1049070954322815
CT-1__patient832__21.png,25.0,465.0,21.595612211753064,0.3052632035159379,33.21555993558231,0.8978437063786282,11.619947723829249,0.5925805028626903,0.06335479766130447,0.1341557502746582
CT-1__patient832__23.png,25.0,466.0,21.57830925095823,0.3020460076781923,33.35964597488236,0.8948564793286825,11.781336723924131,0.5928104716504903,0.07061806321144104,0.1431891918182373
CT-1__patient836__18.png,25.0,467.0,21.421090065796385,0.3107659851350474,34.15495212086791,0.9267795583458288,12.733862055071526,0.6160135732107814,0.045622117817401886,0.12408429384231567
CT-1__patient836__22.png,25.0,468.0,21.44799075397938,0.30693209049039427,34.45416943366253,0.9316697328002927,13.00617867968315,0.6247376423098985,0.04171210527420044,0.11454534530639648
CT-1__patient843__19.png,25.0,469.0,21.43557006875944,0.32248846646659995,34.33366542293098,0.9254510968759514,12.898095354171538,0.6029626304093514,0.04314982891082764,0.12658125162124634
CT-1__patient843__23.png,25.0,470.0,21.395276460272164,0.3205007471937621,34.12776237073351,0.921383516129973,12.732485910461342,0.600882768936211,0.05054589360952377,0.12240618467330933
CT-1__patient847__16.png,25.0,471.0,21.304241703751735,0.2882236935350321,34.772618367738595,0.9354163565802216,13.46837666398686,0.6471926630451895,0.05023832246661186,0.12266457080841064
CT-1__patient847__20.png,25.0,472.0,21.30716384590429,0.2951404228299653,34.64986514535713,0.9322806342285003,13.342701299452841,0.6371402113985349,0.048275694251060486,0.12401866912841797
CT-1__patient849__16.png,25.0,473.0,21.343228566134698,0.28983767539264466,35.0342985065988,0.9420644906545714,13.691069940464104,0.6522268152619268,0.035173315554857254,0.10903453826904297
CT-1__patient849__22.png,25.0,474.0,21.44396065100636,0.29177034151218384,34.75260909773284,0.9321152472395786,13.308648446726476,0.6403449057273948,0.05079527199268341,0.12959283590316772
CT-1__patient850__13.png,25.0,475.0,21.565984399901815,0.2617277337457548,34.48913293145017,0.9290012504219134,12.923148531548357,0.6672735166761585,0.07704510539770126,0.13783782720565796
CT-1__patient850__15.png,25.0,476.0,21.580406458401935,0.25624270597653487,34.7403053006646,0.9255878275774287,13.159898842262667,0.6693451216008939,0.07309410721063614,0.13927602767944336
CT-1__patient860__24.png,25.0,477.0,21.130199685560306,0.2908204426935414,34.947003690045875,0.9442216568708216,13.816804004485569,0.6534012141772803,0.038709137588739395,0.11505043506622314
CT-1__patient860__26.png,25.0,478.0,21.137041105568912,0.28816362369993354,34.839068651243124,0.9432540438163899,13.702027545674213,0.6550904201164564,0.040872979909181595,0.12321656942367554
CT-1__patient863__19.png,25.0,479.0,21.25034573596458,0.3098977708138816,34.169361414734965,0.9281670669039509,12.919015678770386,0.6182692960900693,0.042989302426576614,0.11912745237350464
CT-1__patient863__27.png,25.0,480.0,21.2598903640978,0.2987132028669212,34.21188308307176,0.9258429339621699,12.951992718973962,0.6271297310952486,0.037330515682697296,0.12026828527450562
CT-1__patient866__16.png,25.0,481.0,21.284528473039668,0.3138376982025305,34.55212730677592,0.9351354138323503,13.267598833736255,0.6212977156298198,0.03474601358175278,0.10751557350158691
CT-1__patient866__18.png,25.0,482.0,21.351303689920602,0.317388959259163,34.511514098249265,0.9340287530498964,13.160210408328663,0.6166397937907334,0.03371875733137131,0.10711145401000977
CT-1__patient870__18.png,25.0,483.0,21.458691077301552,0.31641466933665563,34.241579842848026,0.9293735676418218,12.782888765546474,0.6129588983051661,0.0345214381814003,0.11852240562438965
CT-1__patient870__26.png,25.0,484.0,21.491913495227596,0.3028086958641284,34.233638258708616,0.9288867306661566,12.74172476348102,0.6260780348020282,0.04485505819320679,0.11350321769714355
CT-1__patient878__15.png,25.0,485.0,21.663220692149117,0.30493736561257084,34.283070483688626,0.9105471214549163,12.619849791539508,0.6056097558423454,0.057046741247177124,0.12934815883636475
CT-1__patient878__17.png,25.0,486.0,21.662013263326358,0.31084435063190113,34.14223408299497,0.9100342474948749,12.48022081966861,0.5991898968629739,0.06949037313461304,0.13594013452529907
CT-1__patient880__18.png,25.0,487.0,21.516256778702658,0.2807374511648752,34.27184574052032,0.9206497240166538,12.755588961817661,0.6399122728517785,0.06425314396619797,0.13017088174819946
CT-1__patient880__20.png,25.0,488.0,21.52047466805454,0.26950213145279384,34.78744825177038,0.9274345627399806,13.266973583715838,0.6579324312871868,0.06036541238427162,0.13075387477874756
CT-1__patient883__18.png,25.0,489.0,21.199601591291675,0.2748862451267287,35.373254533774,0.9449192067097676,14.173652942482327,0.6700329615830389,0.03499148413538933,0.119282066822052
CT-1__patient883__22.png,25.0,490.0,21.178901921350732,0.2759331052255336,35.22961994954978,0.943778888224089,14.050718028199046,0.6678457829985553,0.03715956211090088,0.12276047468185425
CT-1__patient893__27.png,25.0,491.0,21.11761419980255,0.273068932070734,35.74274986240901,0.9528307603870004,14.625135662606464,0.6797618283162664,0.02744329534471035,0.1273786425590515
CT-1__patient893__29.png,25.0,492.0,21.098549667140738,0.2734776646217254,35.96286085605139,0.9522776448325971,14.864311188910655,0.6787999802108717,0.025826849043369293,0.11587268114089966
CT-1__patient899__21.png,25.0,493.0,21.593327240153673,0.2953685642615637,34.48449369048403,0.9248792403718233,12.891166450330356,0.6295106761102596,0.0479171983897686,0.12948179244995117
CT-1__patient899__25.png,25.0,494.0,21.63138587330442,0.29825837661341376,34.454611416083246,0.9277859684170149,12.823225542778825,0.6295275918036012,0.04325605928897858,0.12609368562698364
CT-1__patient913__23.png,25.0,495.0,21.12999166073747,0.2873664677364661,35.20228904304617,0.945895182624628,14.072297382308701,0.6585287148881619,0.03183078393340111,0.11171317100524902
CT-1__patient913__29.png,25.0,496.0,21.220547181751765,0.2918464306748567,35.21745781355352,0.9493105974379431,13.996910631801757,0.6574641667630864,0.026728956028819084,0.11182278394699097
CT-1__patient918__19.png,25.0,497.0,21.333617052610027,0.29153608938871983,34.836620260624464,0.9382884423216322,13.503003208014437,0.6467523529329124,0.04849690943956375,0.12167102098464966
CT-1__patient918__23.png,25.0,498.0,21.322423739144686,0.287926496755452,35.06295972468307,0.9374671317749897,13.740535985538383,0.6495406350195377,0.04554809629917145,0.12956655025482178
CT-1__patient919__18.png,25.0,499.0,21.42878638200953,0.2968212985806261,34.74036952688365,0.9285592697092458,13.311583144874117,0.6317379711286197,0.04384384676814079,0.12970393896102905
CT-1__patient919__24.png,25.0,500.0,21.4753383918284,0.2931343887026348,34.717734115027426,0.9274271435261604,13.242395723199024,0.6342927548235255,0.055350326001644135,0.12782251834869385
CT-1__patient931__24.png,25.0,501.0,21.35400956059823,0.29757733646286144,34.61261121817789,0.9322149323591519,13.25860165757966,0.6346375958962904,0.03905370458960533,0.1255108118057251
CT-1__patient931__32.png,25.0,502.0,21.42656428894111,0.2934046016850894,34.66305528196968,0.9343155237251237,13.236490993028575,0.6409109220400343,0.04384179413318634,0.1220022439956665
CT-1__patient932__24.png,25.0,503.0,21.182039669400883,0.289267232952359,34.81822354710445,0.939714049336108,13.63618387770357,0.650446816383749,0.03636458143591881,0.12448644638061523
CT-1__patient932__32.png,25.0,504.0,21.19664326642745,0.28937855212676583,34.815665977656536,0.9357395430887319,13.619022711229086,0.6463609909619661,0.04138221591711044,0.12547731399536133
CT-2__patient1003__18.png,25.0,505.0,21.685643087003292,0.29495856394457093,34.36688152427864,0.9168292512505011,12.681238437275347,0.6218706873059301,0.06774520874023438,0.1366155743598938
CT-2__patient1003__22.png,25.0,506.0,21.600074577312395,0.2951111581137159,34.42695857008098,0.9194454174998428,12.826883992768582,0.6243342593861269,0.06297247111797333,0.14827626943588257
CT-2__patient1013__14.png,25.0,507.0,21.388695561420544,0.3075766651712809,34.07811568900253,0.9363745931231516,12.689420127581986,0.6287979279518707,0.042712412774562836,0.12108826637268066
CT-2__patient1013__22.png,25.0,508.0,21.41277910810393,0.2921114273443975,35.019000030224575,0.944315770040501,13.606220922120645,0.6522043426961035,0.03402029722929001,0.11810535192489624
CT-2__patient1023__34.png,25.0,509.0,21.546076777141327,0.3154214441468391,34.03782409212491,0.9213508653842322,12.49174731498358,0.6059294212373931,0.05577683821320534,0.11442309617996216
CT-2__patient1023__36.png,25.0,510.0,21.521923299655235,0.31412792361032554,34.07132325341255,0.9208724791457837,12.549399953757316,0.6067445555354583,0.05750103294849396,0.11778634786605835
CT-2__patient1024__20.png,25.0,511.0,21.33620780291733,0.3042895291214698,34.503693183596894,0.9337480896675853,13.167485380679565,0.6294585605461155,0.04013516753911972,0.1334747076034546
CT-2__patient1024__24.png,25.0,512.0,21.351535246600086,0.2906682941078994,34.922412574380274,0.9361455008651208,13.570877327780188,0.6454772067572214,0.04129115492105484,0.1318444013595581
CT-2__patient1038__20.png,25.0,513.0,21.591399131671153,0.3126203578005238,34.332206465040585,0.9333402627824551,12.740807333369432,0.6207199049819313,0.03479357063770294,0.10206729173660278
CT-2__patient1038__24.png,25.0,514.0,21.674113225249737,0.31940741500055136,34.07860786793188,0.9258698354713576,12.404494642682142,0.6064624204708062,0.051356397569179535,0.12647688388824463
CT-2__patient1045__16.png,25.0,515.0,21.767116295850997,0.284200336409531,34.326055872665755,0.9313892025670548,12.558939576814758,0.6471888661575238,0.06535130739212036,0.14913398027420044
CT-2__patient1045__24.png,25.0,516.0,21.710282955050992,0.28652769044149434,34.22489401695003,0.9164642978570958,12.51461106189904,0.6299366074156014,0.08695293962955475,0.13509178161621094
CT-2__patient1046__17.png,25.0,517.0,21.561847216462343,0.29713233780156045,34.10028034948986,0.9340629566262304,12.538433133027514,0.63693061882467,0.044854819774627686,0.14005452394485474
CT-2__patient1046__25.png,25.0,518.0,21.47946388838657,0.29395301297498905,34.642147628919204,0.9389595327672284,13.162683740532636,0.6450065197922394,0.03986143693327904,0.11300623416900635
CT-2__patient1049__27.png,25.0,519.0,21.332128275813687,0.2942059300772973,34.378681416396354,0.9459909013754275,13.046553140582667,0.6517849712981303,0.03914203122258186,0.13386350870132446
CT-2__patient1049__29.png,25.0,520.0,21.298683312088325,0.2914118376490359,34.38254199991779,0.9425235326654404,13.083858687829466,0.6511116950164045,0.04333847388625145,0.14115965366363525
CT-2__patient1050__23.png,25.0,521.0,21.327159808260436,0.29464854113599137,34.098202404643786,0.9294600716180211,12.77104259638335,0.6348115304820298,0.04342387616634369,0.11874055862426758
CT-2__patient1050__27.png,25.0,522.0,21.343638976572894,0.2916841607853514,34.19692277575279,0.930017629216536,12.853283799179895,0.6383334684311845,0.046982817351818085,0.125133216381073
CT-2__patient1055__24.png,25.0,523.0,21.36527531031846,0.32944896901528253,33.058703408596976,0.9096297855148453,11.693428098278517,0.5801808164995628,0.051946669816970825,0.13723695278167725
CT-2__patient1055__26.png,25.0,524.0,21.35771273427543,0.31712355090094857,33.328582680651536,0.9089313052943729,11.970869946376105,0.5918077543934244,0.05921235308051109,0.14566665887832642
CT-2__patient1061__19.png,25.0,525.0,21.464531924042515,0.2692511533441015,34.93458913994376,0.9325952007581765,13.470057215901246,0.663344047414075,0.07084982097148895,0.14189153909683228
CT-2__patient1061__25.png,25.0,526.0,21.49852279080594,0.26779722607335665,34.84668209047961,0.9276926848508615,13.348159299673672,0.6598954587775049,0.07027067989110947,0.14163243770599365
CT-2__patient942__15.png,25.0,527.0,21.577434298762697,0.3038201102215787,34.587862227569836,0.9443341506314947,13.01042792880714,0.6405140404099161,0.0440070740878582,0.13130611181259155
CT-2__patient942__19.png,25.0,528.0,21.48347209475542,0.3109949970433294,34.08861933134891,0.9374353257216205,12.605147236593488,0.6264403286782911,0.048915546387434006,0.1311526894569397
CT-2__patient946__16.png,25.0,529.0,21.494458699691954,0.28212426604198154,34.38800618387241,0.9253634817005434,12.89354748418046,0.6432392156585618,0.05828527733683586,0.13382333517074585
CT-2__patient946__18.png,25.0,530.0,21.50118778953439,0.27815603914878195,34.67013224114727,0.9263262350459474,13.16894445161288,0.6481701958971654,0.06313920021057129,0.1303720474243164
CT-2__patient947__15.png,25.0,531.0,21.86510168570908,0.3293913482246657,33.723204484722075,0.9261121240431173,11.858102799012993,0.5967207758184516,0.07074108719825745,0.1366119384765625
CT-2__patient947__19.png,25.0,532.0,21.717518159526104,0.3136320507668642,33.696909560062785,0.9192298959483048,11.97939140053668,0.6055978451814407,0.05838235095143318,0.13951218128204346
CT-2__patient951__16.png,25.0,533.0,21.635271570330723,0.28767566362294766,33.87794957130039,0.9130109651212919,12.242678000969669,0.6253353014983443,0.07088282704353333,0.1408001184463501
CT-2__patient951__18.png,25.0,534.0,21.654225335557,0.2865607267213079,34.35302760725931,0.9246638848594517,12.698802271702306,0.6381031581381438,0.06267845630645752,0.13000112771987915
CT-2__patient952__15.png,25.0,535.0,21.3259690523487,0.32022723897951566,33.90037432670819,0.9309113207276424,12.574405274359489,0.6106840817481267,0.038605768233537674,0.11265456676483154
CT-2__patient952__21.png,25.0,536.0,21.34443111668725,0.30220536091101613,34.559102653401595,0.9342204655859777,13.214671536714345,0.6320151046749616,0.03794055059552193,0.10344523191452026
CT-2__patient956__22.png,25.0,537.0,21.41785036694191,0.3095579791943472,34.04458071112774,0.9266162391306034,12.626730344185834,0.6170582599362562,0.06613817065954208,0.12192022800445557
CT-2__patient956__24.png,25.0,538.0,21.44783231277185,0.29678549741444543,34.75279105402339,0.9294901414938579,13.30495874125154,0.6327046440794124,0.06423037499189377,0.13036388158798218
CT-2__patient964__14.png,25.0,539.0,21.57488223152947,0.26312858076319,34.47949800310569,0.9226327227534772,12.904615771576218,0.6595041419902872,0.07147523015737534,0.13973581790924072
CT-2__patient964__16.png,25.0,540.0,21.60158274552864,0.268239411182277,34.23899254955434,0.9188095371458649,12.637409804025701,0.6505701259635879,0.07109174877405167,0.13162750005722046
CT-2__patient965__23.png,25.0,541.0,21.2493854974216,0.2781723697017701,34.53074647248384,0.9319511116309265,13.281360975062242,0.6537787419291563,0.04933156818151474,0.13180768489837646
CT-2__patient965__25.png,25.0,542.0,21.292356009237736,0.2749863728391648,34.55898099281753,0.9243285790764255,13.266624983579796,0.6493422062372607,0.05907296761870384,0.14326387643814087
CT-2__patient975__19.png,25.0,543.0,21.24356643432844,0.28818819508243376,34.553377520923014,0.9333320324428186,13.309811086594575,0.6451438373603848,0.05452097952365875,0.13783645629882812
CT-2__patient975__21.png,25.0,544.0,21.293124475024406,0.2883616027643608,34.6415182005878,0.933678820467717,13.34839372556339,0.6453172177033561,0.055321238934993744,0.12179476022720337
CT-2__patient980__21.png,25.0,545.0,21.400992096618246,0.29457208193281953,34.33121120488469,0.9263922362089612,12.930219108266442,0.6318201542761417,0.055210258811712265,0.13413536548614502
CT-2__patient980__23.png,25.0,546.0,21.394964967226166,0.2899742267169806,34.6264486077363,0.9381005582051288,13.231483640510135,0.6481263314881482,0.04344697296619415,0.12278223037719727
CT-2__patient992__18.png,25.0,547.0,21.80721540967778,0.3040941461021821,33.75340876315152,0.9117485754309144,11.946193353473738,0.6076544293287323,0.06575284153223038,0.14152073860168457
CT-2__patient992__22.png,25.0,548.0,21.661501067115626,0.2947557796297191,34.0988672388293,0.9140539099121386,12.437366171713673,0.6192981302824195,0.06431520730257034,0.13417840003967285
CT-2__patient998__19.png,25.0,549.0,21.409721294857356,0.30348918575968215,34.42008024038198,0.9229354070129301,13.010358945524622,0.6194462212532479,0.043465036898851395,0.1182219386100769
CT-2__patient998__25.png,25.0,550.0,21.46660344986679,0.29978917626610063,34.39926247546118,0.9258819077223928,12.93265902559439,0.6260927314562921,0.04307644069194794,0.12831610441207886
CT-2__patient999__15.png,25.0,551.0,21.740720245950108,0.3094174342736726,33.796093174620985,0.9283186988934532,12.055372928670877,0.6189012646197807,0.05454340949654579,0.1156167984008789
CT-2__patient999__21.png,25.0,552.0,21.801556728503733,0.30779804583548026,33.758550601252495,0.9122090399263715,11.956993872748761,0.6044109940908913,0.06622616946697235,0.12079709768295288
CT-3__patient1070__20.png,25.0,553.0,21.178799881445947,0.2738506292609216,34.69449469419685,0.9350185879428233,13.515694812750901,0.6611679586819017,0.04977644607424736,0.12657493352890015
CT-3__patient1070__22.png,25.0,554.0,21.254678325658183,0.27969987087041065,34.958339401067015,0.9389689313934731,13.703661075408831,0.6592690605230624,0.043871499598026276,0.1365535855293274
CT-3__patient1072__16.png,25.0,555.0,21.803118401315142,0.28992251676155556,33.308426089436026,0.8891325928638346,11.505307688120883,0.599210076102279,0.11574757099151611,0.16270017623901367
CT-3__patient1072__18.png,25.0,556.0,21.76114651198789,0.28957354796875834,33.542407875189156,0.9018135468548033,11.781261363201267,0.612239998886045,0.10889234393835068,0.15240681171417236
CT-3__patient1075__20.png,25.0,557.0,21.215327637237706,0.30478626231398626,34.670650481949664,0.9359798818635556,13.455322844711958,0.6311936195495693,0.04270865395665169,0.13280820846557617
CT-3__patient1075__22.png,25.0,558.0,21.202262324016125,0.29532499866867595,34.81178102794648,0.9320783122543662,13.609518703930355,0.6367533135856902,0.04319259151816368,0.132096529006958
CT-3__patient1077__16.png,25.0,559.0,21.691283450915403,0.31525019446471075,33.12642706890348,0.9056373103832753,11.435143617988079,0.5903871159185645,0.06972642242908478,0.13717412948608398
CT-3__patient1077__20.png,25.0,560.0,21.780487867094486,0.3067752044646372,33.96697291944124,0.9160348468766863,12.186485052346754,0.6092596424120491,0.06856247782707214,0.13036221265792847
CT-3__patient1084__19.png,25.0,561.0,21.3050213026991,0.31584487325857896,33.674040014806934,0.9247991305656247,12.369018712107835,0.6089542573070457,0.0372791551053524,0.12286311388015747
CT-3__patient1084__27.png,25.0,562.0,21.360562401990837,0.3176380830523214,33.796678443465545,0.9192822265891307,12.436116041474708,0.6016441435368094,0.05340702831745148,0.1323489546775818
CT-3__patient1098__13.png,25.0,563.0,21.34895651842385,0.29818117050712123,34.3768779325707,0.9342394872931366,13.02792141414685,0.6360583167860153,0.04782700166106224,0.1327199935913086
CT-3__patient1098__19.png,25.0,564.0,21.208712955371603,0.29256267811344644,34.24924200004769,0.9271341372956237,13.040529044676084,0.6345714591821772,0.0483403317630291,0.13188505172729492
CT-4__patient1110__21.png,25.0,565.0,21.158840291316892,0.2903607193171849,34.88075959384956,0.9429890073997381,13.721919302532669,0.6526282880825532,0.038274526596069336,0.126897394657135
CT-4__patient1110__25.png,25.0,566.0,21.142550216042896,0.2835788459784968,35.119972663597814,0.9466097463353371,13.977422447554918,0.6630309003568403,0.03212277963757515,0.123291015625
MEAN,25.0,,21.44510542276853,0.2982296880192808,34.44633837828137,0.928381974201622,13.001232955512835,0.6301522861823414,0.04989600673250787,0.12470041242268709
STD,25.0,,0.16659453372302874,0.013765471226225406,0.4705517351930757,0.011196712642926347,0.5731791081924356,0.019049443267830674,0.015394123394581148,0.01283013451355587
