epoch,wavelet_type,branch_mode,fusion_type,use_alignment,use_band_refinement,use_full_res_refinement,generator_loss,discriminator_loss,content_loss,adversarial_loss,denoising_psnr,denoising_ssim,mixed_alignment_scale,high_alignment_scale
1,ghm,mamba,none,True,True,True,0.045218,0.000000,0.045218,0.000000,31.522316,0.852137,0.106690,0.045197
2,ghm,mamba,none,True,True,True,0.027910,0.250640,0.027654,0.128038,34.476551,0.919136,0.111933,0.047425
3,ghm,mamba,none,True,True,True,0.024531,0.247393,0.024270,0.130784,35.668851,0.929300,0.115031,0.064936
4,ghm,mamba,none,True,True,True,0.022738,0.243968,0.022466,0.135656,36.331535,0.934016,0.118244,0.070381
5,ghm,mamba,none,True,True,True,0.022045,0.239130,0.021755,0.144980,36.598418,0.936193,0.119644,0.081311
6,ghm,mamba,none,True,True,True,0.022040,0.233620,0.021736,0.152009,36.525166,0.936207,0.120633,0.089815
7,ghm,mamba,none,True,True,True,0.021820,0.225553,0.021492,0.164189,36.692338,0.936440,0.121258,0.092593
8,ghm,mamba,none,True,True,True,0.020933,0.221071,0.020594,0.169368,37.016696,0.939936,0.121135,0.094736
9,ghm,mamba,none,True,True,True,0.021108,0.217649,0.020751,0.178510,37.055451,0.938934,0.121773,0.096531
10,ghm,mamba,none,True,True,True,0.021218,0.221994,0.020872,0.173004,36.965977,0.938213,0.122051,0.100120
11,ghm,mamba,none,True,True,True,0.021177,0.212085,0.020811,0.183225,36.928957,0.938537,0.121558,0.102555
12,ghm,mamba,none,True,True,True,0.020468,0.209234,0.020090,0.188840,37.245296,0.941175,0.121696,0.103440
13,ghm,mamba,none,True,True,True,0.019741,0.209606,0.019363,0.189052,37.537341,0.943551,0.121140,0.105708
14,ghm,mamba,none,True,True,True,0.019996,0.206926,0.019610,0.193260,37.452414,0.942605,0.120890,0.104859
15,ghm,mamba,none,True,True,True,0.020137,0.203380,0.019743,0.196922,37.418231,0.941978,0.120894,0.105522
16,ghm,mamba,none,True,True,True,0.020048,0.207052,0.019656,0.195624,37.485032,0.942162,0.120859,0.107015
17,ghm,mamba,none,True,True,True,0.019942,0.198665,0.019536,0.202955,37.551959,0.942439,0.120173,0.107837
18,ghm,mamba,none,True,True,True,0.019721,0.197371,0.019309,0.205981,37.622783,0.943399,0.119342,0.109071
19,ghm,mamba,none,True,True,True,0.019742,0.199385,0.019333,0.204636,37.627701,0.943555,0.119201,0.109265
20,ghm,mamba,none,True,True,True,0.019744,0.198482,0.019333,0.205286,37.692890,0.942979,0.118382,0.109735
21,ghm,mamba,none,True,True,True,0.019675,0.192437,0.019251,0.211722,37.729989,0.943294,0.117987,0.110493
22,ghm,mamba,none,True,True,True,0.019678,0.192099,0.019247,0.215514,37.685040,0.943592,0.117355,0.111616
23,ghm,mamba,none,True,True,True,0.020149,0.190410,0.019716,0.216656,37.480630,0.941741,0.117022,0.111918
24,ghm,mamba,none,True,True,True,0.019814,0.186371,0.019372,0.220859,37.748847,0.942779,0.116887,0.112799
25,ghm,mamba,none,True,True,True,0.019560,0.181920,0.019107,0.226691,37.790985,0.943724,0.115708,0.112690
26,ghm,mamba,none,True,True,True,0.019180,0.187646,0.018739,0.220281,37.862189,0.945145,0.115175,0.112846
27,ghm,mamba,none,True,True,True,0.019395,0.182874,0.018943,0.226239,37.957401,0.944113,0.113970,0.114253
28,ghm,mamba,none,True,True,True,0.019732,0.181052,0.019269,0.231272,37.729148,0.943176,0.113643,0.114675
29,ghm,mamba,none,True,True,True,0.019727,0.184588,0.019281,0.223209,37.784978,0.943179,0.113192,0.115639
30,ghm,mamba,none,True,True,True,0.019417,0.181568,0.018959,0.228903,37.862836,0.944036,0.112610,0.115779
